City_ID,City,Country,Date,Lat,Lng,Max Temp,Humidity,Cloudiness,Wind Speed
0,Plouzane,FR,2022-03-27 21:00:34,48.3833,-4.6167,57.52,47,0,4.61
1,Chokurdakh,RU,2022-03-27 21:00:35,70.6333,147.9167,-13.72,100,86,5.75
2,Bluff,NZ,2022-03-27 20:59:35,-46.6,168.3333,54.12,88,14,4.43
3,Chorozinho,BR,2022-03-27 21:00:36,-4.3003,-38.4978,75.83,93,95,5.08
4,Bredasdorp,ZA,2022-03-27 21:00:37,-34.5322,20.0403,64.99,81,38,2.71
5,Solnechnyy,RU,2022-03-27 21:00:37,50.7214,136.6319,12.29,84,100,5.64
6,Severo-Kurilsk,RU,2022-03-27 20:59:20,50.6789,156.125,32.85,89,74,20.36
7,Salinopolis,BR,2022-03-27 21:00:38,-0.6136,-47.3561,78.93,86,100,9.57
8,Port Lincoln,AU,2022-03-27 21:00:38,-34.7333,135.8667,63.18,84,33,8.39
9,Port Alfred,ZA,2022-03-27 20:58:17,-33.5906,26.891,67.17,90,99,1.99
10,Tasiilaq,GL,2022-03-27 20:56:21,65.6145,-37.6368,21.54,83,100,11.99
11,Port Moresby,PG,2022-03-27 21:00:39,-9.4431,147.1797,78.26,82,90,2.37
12,Nikolskoye,RU,2022-03-27 20:58:20,59.7035,30.7861,26.71,80,100,7.25
13,Eyl,SO,2022-03-27 21:00:39,7.9803,49.8164,77.11,70,31,13.69
14,Kapaa,US,2022-03-27 21:00:40,22.0752,-159.319,78.78,65,12,4.0
15,Kavieng,PG,2022-03-27 21:00:40,-2.5744,150.7967,82.08,76,73,7.85
16,Huazhou,CN,2022-03-27 21:00:41,21.6333,110.5833,63.3,74,100,7.87
17,Harper,LR,2022-03-27 21:00:42,4.375,-7.7169,81.0,85,94,5.01
18,Butaritari,KI,2022-03-27 21:00:42,3.0707,172.7902,80.65,67,99,8.9
19,Avarua,CK,2022-03-27 20:57:49,-21.2078,-159.775,82.45,78,20,9.22
20,Busselton,AU,2022-03-27 21:00:43,-33.65,115.3333,58.08,69,0,13.96
21,Georgetown,MY,2022-03-27 21:00:43,5.4112,100.3354,80.53,74,20,3.44
22,Kajaani,FI,2022-03-27 20:56:37,64.2273,27.7285,21.25,49,100,8.05
23,Wahpeton,US,2022-03-27 21:00:44,46.2652,-96.6059,29.12,39,75,3.44
24,East London,ZA,2022-03-27 21:00:34,-33.0153,27.9116,71.6,81,77,19.84
25,Namatanai,PG,2022-03-27 20:56:45,-3.6667,152.4333,80.31,82,98,5.5
26,Barrow,US,2022-03-27 21:00:32,71.2906,-156.7887,1.42,66,40,20.71
27,Ventspils,LV,2022-03-27 21:00:45,57.3894,21.5606,39.13,87,0,14.97
28,Sinnamary,GF,2022-03-27 21:00:45,5.3833,-52.95,78.46,85,93,13.53
29,Cidreira,BR,2022-03-27 21:00:46,-30.1811,-50.2056,71.42,73,0,8.48
30,Dikson,RU,2022-03-27 21:00:47,73.5069,80.5464,-17.25,100,14,3.27
31,Hvolsvollur,IS,2022-03-27 21:00:47,63.7533,-20.2243,40.48,86,100,4.59
32,Naze,JP,2022-03-27 21:00:48,28.3667,129.4833,62.76,62,95,14.07
33,Flagstaff,US,2022-03-27 21:00:38,35.1981,-111.6513,70.52,13,0,24.16
34,Gornopravdinsk,RU,2022-03-27 21:00:49,60.05,69.9,15.06,92,100,10.51
35,Rikitea,PF,2022-03-27 21:00:50,-23.1203,-134.9692,79.12,69,5,11.14
36,Ushuaia,AR,2022-03-27 21:00:51,-54.8,-68.3,47.44,66,72,4.07
37,Ilulissat,GL,2022-03-27 20:57:57,69.2167,-51.1,22.06,76,75,8.12
38,Kavaratti,IN,2022-03-27 21:00:52,10.5669,72.642,82.49,73,3,6.89
39,Jamestown,US,2022-03-27 21:00:48,42.097,-79.2353,21.72,54,100,25.32
40,Portland,US,2022-03-27 21:00:32,45.5234,-122.6762,67.73,68,100,1.01
41,Hualmay,PE,2022-03-27 21:00:53,-11.0964,-77.6139,74.28,74,96,10.96
42,Mataura,NZ,2022-03-27 21:00:53,-46.1927,168.8643,54.9,87,5,1.99
43,Puerto Ayora,EC,2022-03-27 20:57:01,-0.7393,-90.3518,84.16,76,95,12.8
44,Borba,BR,2022-03-27 21:00:54,-4.3878,-59.5939,81.01,90,98,0.43
45,Mackay,AU,2022-03-27 21:00:54,-21.15,149.2,69.67,89,13,5.32
46,Saint-Philippe,RE,2022-03-27 20:58:04,-21.3585,55.7679,76.59,85,99,10.71
47,Chuy,UY,2022-03-27 21:01:55,-33.6971,-53.4616,73.51,50,0,2.62
48,Redlands,US,2022-03-27 20:57:57,34.0556,-117.1825,81.55,24,67,3.0
49,Upernavik,GL,2022-03-27 21:01:56,72.7868,-56.1549,21.56,77,100,2.86
50,Khani,GE,2022-03-27 21:01:57,41.9563,42.9566,31.57,97,88,2.15
51,Hermanus,ZA,2022-03-27 21:01:57,-34.4187,19.2345,69.8,67,97,3.98
52,Lashio,MM,2022-03-27 21:01:58,22.9333,97.75,62.15,55,7,1.92
53,Boende,CD,2022-03-27 21:01:58,-0.2167,20.8667,70.93,91,100,1.07
54,Alihe,CN,2022-03-27 21:01:58,50.5667,123.7167,13.23,96,86,1.99
55,Victoria,HK,2022-03-27 20:57:05,22.2855,114.1577,65.25,91,100,4.0
56,Husavik,IS,2022-03-27 21:01:59,66.0449,-17.3389,24.15,66,53,6.82
57,Leshukonskoye,RU,2022-03-27 21:01:59,64.8989,45.7622,13.3,78,100,12.73
58,Merauke,ID,2022-03-27 21:02:00,-8.4667,140.3333,78.12,90,100,11.74
59,Churapcha,RU,2022-03-27 21:02:00,62.0025,132.4325,-12.05,100,100,4.68
60,Cape Town,ZA,2022-03-27 21:02:01,-33.9258,18.4232,70.12,64,40,5.26
61,San Patricio,US,2022-03-27 21:02:02,28.017,-97.5169,86.18,35,100,16.35
62,Almeirim,BR,2022-03-27 21:02:02,-1.5233,-52.5817,78.04,94,100,4.34
63,Qaanaaq,GL,2022-03-27 20:58:25,77.484,-69.3632,10.02,89,100,4.79
64,Vallentuna,SE,2022-03-27 21:02:03,59.5344,18.0776,47.17,67,0,14.97
65,Hithadhoo,MV,2022-03-27 20:58:28,-0.6,73.0833,81.9,66,4,5.73
66,Charters Towers,AU,2022-03-27 21:02:04,-20.1,146.2667,71.98,85,3,1.99
67,Yatou,CN,2022-03-27 21:02:04,37.15,122.3833,37.38,32,0,4.36
68,Pacific Grove,US,2022-03-27 21:01:21,36.6177,-121.9166,63.34,74,100,30.0
69,Bethel,US,2022-03-27 21:02:05,41.3712,-73.414,43.54,60,100,11.99
70,Burnie,AU,2022-03-27 21:02:05,-41.0667,145.9167,60.94,95,100,5.95
71,Aktau,KZ,2022-03-27 21:02:06,43.65,51.2,39.78,93,93,4.38
72,Tigzirt,DZ,2022-03-27 21:02:06,36.8886,4.1198,55.51,88,5,7.16
73,Salalah,OM,2022-03-27 21:02:07,17.0151,54.0924,77.67,49,6,2.3
74,Tuktoyaktuk,CA,2022-03-27 20:58:12,69.4541,-133.0374,-11.2,64,0,8.05
75,Nome,US,2022-03-27 21:02:08,64.5011,-165.4064,27.16,64,99,6.17
76,Namibe,AO,2022-03-27 21:02:08,-15.1961,12.1522,71.92,73,90,12.71
77,Pangnirtung,CA,2022-03-27 21:02:09,66.1451,-65.7125,20.73,77,99,1.7
78,Hobart,AU,2022-03-27 21:00:10,-42.8794,147.3294,61.05,77,0,6.91
79,Khatanga,RU,2022-03-27 21:02:09,71.9667,102.5,-22.99,100,97,1.74
80,Bengkulu,ID,2022-03-27 21:02:10,-3.8004,102.2655,74.48,90,75,5.59
81,Pangkalanbuun,ID,2022-03-27 21:02:10,-2.6833,111.6167,74.08,97,96,1.72
82,Airai,TL,2022-03-27 21:02:11,-8.9266,125.4092,59.0,89,91,1.3
83,Innisfail,AU,2022-03-27 21:00:47,-17.5333,146.0333,73.11,88,29,4.59
84,Chermoz,RU,2022-03-27 21:02:11,58.787,56.1489,32.63,97,100,16.15
85,Wajir,KE,2022-03-27 21:02:12,1.7471,40.0573,85.87,51,10,18.05
86,Sainte-Suzanne,RE,2022-03-27 21:02:12,-20.9061,55.6089,78.98,77,75,5.75
87,Cabo San Lucas,MX,2022-03-27 20:58:15,22.8909,-109.9124,85.6,45,6,9.64
88,Leeton,AU,2022-03-27 21:02:13,-34.5667,146.4,64.24,75,88,5.44
89,Punta Arenas,CL,2022-03-27 21:02:14,-53.15,-70.9167,51.12,53,52,18.37
90,Sitka,US,2022-03-27 21:02:14,57.0531,-135.33,43.16,70,23,4.61
91,Catuday,PH,2022-03-27 21:02:15,16.2923,119.8062,79.32,78,35,6.08
92,Yellowknife,CA,2022-03-27 21:02:15,62.456,-114.3525,14.41,70,100,1.99
93,Fort Nelson,CA,2022-03-27 21:03:16,58.8053,-122.7002,29.55,93,100,0.36
94,Pevek,RU,2022-03-27 21:03:16,69.7008,170.3133,-15.29,99,52,6.98
95,Warkworth,NZ,2022-03-27 21:03:17,-36.4,174.6667,64.9,64,0,6.67
96,Lerwick,GB,2022-03-27 21:03:17,60.1545,-1.1494,46.4,87,2,16.8
97,Port Elizabeth,ZA,2022-03-27 21:03:18,-33.918,25.5701,69.1,97,100,5.01
98,Nosy Varika,MG,2022-03-27 21:03:19,-20.5833,48.5333,77.32,88,17,6.42
99,Hilo,US,2022-03-27 21:00:06,19.7297,-155.09,78.24,77,32,1.01
100,Anadyr,RU,2022-03-27 21:03:19,64.75,177.4833,0.1,85,75,4.47
101,Vaini,TO,2022-03-27 20:58:32,-21.2,-175.2,78.96,94,75,3.44
102,Saldanha,ZA,2022-03-27 21:03:20,-33.0117,17.9442,63.61,73,6,3.47
103,Lubango,AO,2022-03-27 21:03:20,-14.9172,13.4925,62.1,57,100,3.15
104,Lompoc,US,2022-03-27 21:03:21,34.6391,-120.4579,70.61,66,100,25.32
105,Kibala,TD,2022-03-27 21:03:22,9.1104,18.3463,85.44,12,23,4.59
106,Lazaro Cardenas,MX,2022-03-27 21:03:22,17.9583,-102.2,84.96,38,89,12.53
107,Lagoa,PT,2022-03-27 20:59:26,39.05,-27.9833,58.89,85,100,13.0
108,Flin Flon,CA,2022-03-27 21:03:23,54.7682,-101.865,18.19,62,99,8.41
109,Bambous Virieux,MU,2022-03-27 21:00:46,-20.3428,57.7575,77.22,74,11,7.94
110,Curup,ID,2022-03-27 21:03:23,-3.4667,102.5333,62.4,92,71,2.48
111,Joshimath,IN,2022-03-27 21:03:24,30.5667,79.5667,53.67,41,1,7.14
112,Warrington,GB,2022-03-27 21:03:24,53.3925,-2.5802,57.45,75,40,5.75
113,Esperance,AU,2022-03-27 21:03:25,-33.8667,121.9,62.2,73,100,13.62
114,Fortuna,US,2022-03-27 21:03:25,40.5982,-124.1573,65.93,70,0,4.61
115,Estrela,BR,2022-03-27 21:03:26,-28.0611,-50.9383,64.8,76,0,2.84
116,Chissamba,AO,2022-03-27 21:03:26,-12.1667,17.3333,64.09,97,100,4.21
117,Norman Wells,CA,2022-03-27 21:03:27,65.282,-126.8329,11.57,85,100,2.57
118,Mananara,MG,2022-03-27 21:03:27,-16.1667,49.7667,76.35,92,55,2.77
119,Ulaangom,MN,2022-03-27 21:03:28,49.9811,92.0667,6.55,83,15,4.61
120,Coihaique,CL,2022-03-27 21:03:28,-45.5752,-72.0662,40.78,99,100,4.79
121,Barwadih,IN,2022-03-27 21:03:29,23.8333,84.1167,69.96,13,20,4.79
122,Losheim,DE,2022-03-27 21:03:29,49.5167,6.75,52.05,79,0,4.18
123,Ateli,IN,2022-03-27 21:03:30,28.1,76.2833,76.8,11,2,5.79
124,Necochea,AR,2022-03-27 21:03:31,-38.5473,-58.7368,64.11,62,0,14.03
125,Bambanglipuro,ID,2022-03-27 21:03:31,-7.95,110.2833,76.78,86,96,3.62
126,Ancud,CL,2022-03-27 21:01:53,-41.8697,-73.8203,54.23,75,70,14.67
127,Bereda,ES,2022-03-27 21:03:32,43.2686,-7.5406,55.15,76,100,1.52
128,Cam Ranh,VN,2022-03-27 21:03:24,11.9214,109.1591,76.96,88,0,3.44
129,Ambon,ID,2022-03-27 21:03:33,-3.6954,128.1814,75.34,94,40,5.75
130,Ribeira Grande,PT,2022-03-27 21:01:49,38.5167,-28.7,60.42,84,100,14.92
131,Balabac,PH,2022-03-27 21:03:33,7.9868,117.0645,79.23,81,96,1.3
132,Okhotsk,RU,2022-03-27 21:03:03,59.3833,143.3,-3.06,81,1,15.01
133,Moron,AR,2022-03-27 21:03:34,-34.6534,-58.6198,80.92,45,0,3.89
134,Egvekinot,RU,2022-03-27 21:04:35,66.3167,-179.1667,0.21,89,10,2.24
135,Bodden Town,KY,2022-03-27 21:04:35,19.2833,-81.25,81.0,66,20,12.66
136,Zhicheng,CN,2022-03-27 21:04:36,30.2956,111.5047,52.63,82,0,1.57
137,Pingyi,CN,2022-03-27 21:04:36,35.5006,117.6308,40.68,62,72,6.69
138,Mount Gambier,AU,2022-03-27 21:04:37,-37.8333,140.7667,60.71,94,75,6.91
139,Marsaxlokk,MT,2022-03-27 21:04:37,35.8419,14.5431,60.08,88,54,11.5
140,Sembakung,ID,2022-03-27 21:04:37,3.8167,117.25,71.31,98,100,2.42
141,Dunedin,NZ,2022-03-27 21:00:44,-45.8742,170.5036,60.8,87,0,10.0
142,Tiznit,MA,2022-03-27 21:00:40,29.5833,-9.5,67.96,35,100,1.28
143,Srinagar,IN,2022-03-27 21:04:38,34.0833,74.8167,55.15,39,2,2.19
144,Haines Junction,CA,2022-03-27 21:04:39,60.7522,-137.5108,26.91,85,91,1.21
145,Bilma,NE,2022-03-27 21:02:12,18.6853,12.9164,74.44,9,0,6.44
146,Granard,IE,2022-03-27 21:04:39,53.7667,-7.5,43.25,94,1,4.68
147,Awbari,LY,2022-03-27 21:03:06,26.5921,12.7805,69.85,9,0,10.74
148,Ous,RU,2022-03-27 21:04:40,60.9058,61.5186,26.08,93,100,13.8
149,Iqaluit,CA,2022-03-27 21:00:14,63.7506,-68.5145,18.7,92,96,2.64
150,Golden,US,2022-03-27 21:04:40,39.7555,-105.2211,77.2,27,75,5.99
151,High Level,CA,2022-03-27 21:01:59,58.5169,-117.136,30.02,88,97,3.22
152,Saint-Joseph,RE,2022-03-27 21:04:41,-21.3667,55.6167,75.58,85,94,9.08
153,Mount Isa,AU,2022-03-27 21:04:41,-20.7333,139.5,71.37,30,0,6.91
154,Evensk,RU,2022-03-27 21:04:42,61.95,159.2333,10.62,75,93,19.69
155,Sao Joao Da Barra,BR,2022-03-27 21:04:42,-21.6403,-41.0511,84.29,89,0,13.65
156,Coruripe,BR,2022-03-27 21:04:43,-10.1256,-36.1756,79.41,82,88,10.38
157,Provideniya,RU,2022-03-27 21:04:43,64.3833,-173.3,17.71,79,0,6.71
158,Akdepe,TM,2022-03-27 21:04:44,42.0551,59.3788,45.25,51,41,7.31
159,Torbay,CA,2022-03-27 21:04:44,47.6666,-52.7314,42.28,92,100,5.01
160,Tigil,RU,2022-03-27 21:04:45,57.8,158.6667,24.51,70,100,19.46
161,Warrnambool,AU,2022-03-27 21:04:45,-38.3833,142.4833,62.82,84,100,3.24
162,Mar Del Plata,AR,2022-03-27 21:04:46,-38.0023,-57.5575,68.02,59,0,15.01
163,Kurilsk,RU,2022-03-27 21:04:46,45.2333,147.8833,32.13,81,31,18.21
164,Shimoda,JP,2022-03-27 21:04:47,34.6667,138.95,52.11,64,80,12.55
165,Tezu,IN,2022-03-27 21:04:47,27.9167,96.1667,67.32,60,4,4.94
166,Quixeramobim,BR,2022-03-27 21:04:48,-5.1992,-39.2928,77.76,82,99,5.14
167,Atuona,PF,2022-03-27 21:04:48,-9.8,-139.0333,79.23,76,45,14.72
168,Ust-Kuyga,RU,2022-03-27 21:04:49,70.0167,135.6,-15.14,100,99,7.02
169,Luderitz,NA,2022-03-27 21:02:16,-26.6481,15.1594,65.91,64,0,4.81
170,Nanortalik,GL,2022-03-27 21:04:49,60.1432,-45.2371,30.51,80,98,4.88
171,Samana,DO,2022-03-27 21:00:16,19.2056,-69.3369,80.06,68,81,6.08
172,Tuatapere,NZ,2022-03-27 21:04:50,-46.1333,167.6833,56.89,84,5,3.04
173,Komsomolskiy,UZ,2022-03-27 21:04:50,40.4272,71.7189,47.75,59,5,0.6
174,Yumen,CN,2022-03-27 21:04:51,40.2833,97.2,46.0,19,77,13.85
175,Clyde River,CA,2022-03-27 21:03:18,70.4692,-68.5914,-0.6,95,98,4.88
176,Carnot,CF,2022-03-27 21:04:52,4.9409,15.8665,78.13,23,39,4.34
177,Grand Island,US,2022-03-27 21:04:52,40.925,-98.342,48.24,24,0,11.5
178,Longyearbyen,SJ,2022-03-27 21:02:43,78.2186,15.6401,8.44,66,20,9.22
179,Aklavik,CA,2022-03-27 21:04:53,68.2191,-135.0107,1.26,87,88,4.23
180,Albany,US,2022-03-27 21:00:10,42.6001,-73.9662,36.03,69,100,4.0
181,Turukhansk,RU,2022-03-27 21:04:53,65.8167,87.9833,-13.14,100,100,5.1
182,New Norfolk,AU,2022-03-27 21:04:54,-42.7826,147.0587,60.71,61,89,1.99
183,Souillac,MU,2022-03-27 21:05:54,-20.5167,57.5167,77.54,80,16,8.14
184,Oistins,BB,2022-03-27 21:05:55,13.0667,-59.5333,78.22,70,92,16.55
185,Acapulco,MX,2022-03-27 21:05:36,16.8634,-99.8901,84.02,58,75,9.22
186,Faya,SA,2022-03-27 21:05:56,18.3851,42.4509,59.52,43,0,6.76
187,Kholodnyy,RU,2022-03-27 21:05:56,62.7167,147.95,-21.03,100,99,3.0
188,Kuliyapitiya,LK,2022-03-27 21:05:56,7.4688,80.0401,82.08,94,14,1.92
189,Cherskiy,RU,2022-03-27 21:05:57,68.75,161.3,0.48,97,100,7.25
190,Carnarvon,AU,2022-03-27 21:02:16,-24.8667,113.6333,75.31,74,0,7.87
191,Camacha,PT,2022-03-27 21:05:58,33.0833,-16.3333,58.42,77,20,8.05
192,Colares,PT,2022-03-27 21:05:58,38.7992,-9.4469,66.33,60,100,5.01
193,Ketchikan,US,2022-03-27 21:05:58,55.3422,-131.6461,48.67,66,0,12.66
194,Conceicao Do Araguaia,BR,2022-03-27 21:05:59,-8.2578,-49.2647,77.85,89,99,4.09
195,Thompson,CA,2022-03-27 21:04:32,55.7435,-97.8558,14.99,65,21,2.15
196,Fairbanks,US,2022-03-27 21:03:07,64.8378,-147.7164,35.1,76,52,2.73
197,Lappeenranta,FI,2022-03-27 21:06:00,61.0587,28.1887,23.81,89,100,6.91
198,Port Blair,IN,2022-03-27 21:06:00,11.6667,92.75,81.0,77,17,6.08
199,Tual,ID,2022-03-27 21:06:01,-5.6667,132.75,80.06,80,100,14.2
200,Port Macquarie,AU,2022-03-27 21:04:49,-31.4333,152.9167,66.09,100,100,0.0
201,Zhanaozen,KZ,2022-03-27 21:06:02,43.3,52.8,41.65,91,32,11.39
202,Natal,BR,2022-03-27 21:06:02,-5.795,-35.2094,81.25,83,75,5.75
203,Kuching,MY,2022-03-27 21:06:03,1.55,110.3333,75.42,94,40,2.3
204,Grand Gaube,MU,2022-03-27 21:06:03,-20.0064,57.6608,77.38,84,1,1.99
205,Sabaudia,IT,2022-03-27 21:06:04,41.3003,13.0282,59.2,62,100,1.95
206,Dalaba,GN,2022-03-27 21:06:05,10.7,-12.25,72.46,51,95,0.58
207,Mahibadhoo,MV,2022-03-27 21:06:05,3.7833,72.9667,82.33,70,97,8.21
208,Tautira,PF,2022-03-27 21:06:06,-17.7333,-149.15,81.41,75,60,15.46
209,Kodiak,US,2022-03-27 21:01:54,57.79,-152.4072,33.31,100,100,32.21
210,Vila Velha,BR,2022-03-27 21:06:06,-20.3297,-40.2925,80.94,80,0,16.11
211,Benjamin Aceval,PY,2022-03-27 21:06:07,-24.9667,-57.5667,82.36,50,0,4.59
212,Mindelo,CV,2022-03-27 21:06:07,16.8901,-24.9804,71.15,68,75,5.75
213,Kushima,JP,2022-03-27 21:06:08,31.4583,131.2333,54.88,65,100,9.8
214,Oriximina,BR,2022-03-27 21:06:08,-1.7656,-55.8661,82.06,81,93,2.01
215,Talnakh,RU,2022-03-27 21:01:45,69.4865,88.3972,4.41,96,100,5.46
216,Jamkhed,IN,2022-03-27 21:06:09,18.7362,75.3121,86.59,19,3,12.5
217,Doha,QA,2022-03-27 21:06:09,25.2867,51.5333,66.18,50,0,17.27
218,Manzhouli,CN,2022-03-27 21:06:10,49.6,117.4333,21.87,44,91,3.04
219,Whitehorse,CA,2022-03-27 21:06:10,60.7161,-135.0538,37.09,50,84,1.01
220,Wagar,SD,2022-03-27 21:06:11,16.1525,36.2032,74.1,48,8,14.29
221,Bay Roberts,CA,2022-03-27 21:06:11,47.5999,-53.2648,43.05,86,100,3.0
222,Batagay-Alyta,RU,2022-03-27 21:06:12,67.8006,130.4114,-14.57,90,29,6.35
223,Omboue,GA,2022-03-27 21:06:12,-1.5746,9.2618,79.52,91,70,9.42
224,Santa Fe,AR,2022-03-27 21:03:45,-31.6333,-60.7,81.99,48,6,3.0
225,Zabol,AF,2022-03-27 21:06:13,32.25,67.25,55.29,21,0,8.99
226,Zyryanka,RU,2022-03-27 21:06:13,65.75,150.85,-11.18,100,83,7.4
227,Murray Bridge,AU,2022-03-27 21:06:14,-35.1167,139.2667,60.78,84,81,6.55
228,Astana,KZ,2022-03-27 21:06:14,51.1801,71.446,31.95,100,100,13.42
229,Keti Bandar,PK,2022-03-27 21:07:15,24.1447,67.4497,78.49,71,0,12.46
230,Ponta Do Sol,PT,2022-03-27 21:07:15,32.6667,-17.1,63.05,80,12,6.02
231,Touros,BR,2022-03-27 21:07:16,-5.1989,-35.4608,80.58,80,36,11.3
232,Moindou,NC,2022-03-27 21:07:16,-21.6924,165.677,77.29,73,36,3.51
233,Ust-Maya,RU,2022-03-27 21:07:17,60.4167,134.5333,-15.09,100,100,1.92
234,Meadow Lake,US,2022-03-27 21:02:30,34.8014,-106.5436,79.84,7,98,5.91
235,Hailey,US,2022-03-27 21:07:18,43.5196,-114.3153,61.0,69,100,4.23
236,Dingle,PH,2022-03-27 21:07:18,10.9995,122.6711,75.54,92,63,7.67
237,Malindi,KE,2022-03-27 21:07:18,-3.2175,40.1191,80.26,83,44,8.28
238,Oktyabrskoye,RU,2022-03-27 21:03:34,43.0645,44.7417,33.94,75,99,11.18
239,Serbanesti,RO,2022-03-27 21:07:19,44.3333,24.7,51.58,43,0,19.57
240,Coquimbo,CL,2022-03-27 21:03:16,-29.9533,-71.3436,66.2,73,24,6.38
241,Mahebourg,MU,2022-03-27 21:03:21,-20.4081,57.7,77.25,75,11,8.21
242,Quatre Cocos,MU,2022-03-27 21:06:04,-20.2078,57.7625,77.09,75,10,7.96
243,Los Llanos De Aridane,ES,2022-03-27 21:07:21,28.6585,-17.9182,60.55,92,75,5.75
244,Morehead,US,2022-03-27 21:07:21,37.2711,-87.1764,48.99,38,0,8.05
245,Shakawe,BW,2022-03-27 21:07:22,-18.3667,21.85,70.57,64,51,4.94
246,Oga,IT,2022-03-27 21:07:22,46.4631,10.347,42.69,75,16,1.23
247,Icononzo,CO,2022-03-27 21:07:23,4.177,-74.5325,68.9,87,92,2.13
248,Champerico,GT,2022-03-27 21:07:23,14.3,-91.9167,81.14,63,57,12.44
249,Tarko-Sale,RU,2022-03-27 21:07:24,64.9225,77.785,4.05,97,70,10.11
250,Palmeiras De Goias,BR,2022-03-27 21:07:24,-16.805,-49.9258,73.11,84,65,7.76
251,Atar,MR,2022-03-27 21:07:25,20.5169,-13.0499,77.99,13,88,3.96
252,Kijang,KR,2022-03-27 21:07:25,35.2442,129.2139,48.24,46,100,12.66
253,Jiexiu,CN,2022-03-27 21:07:26,37.0244,111.9125,45.5,34,14,3.98
254,Ponta Delgada,PT,2022-03-27 21:07:26,37.7333,-25.6667,61.52,82,20,13.8
255,Geraldton,AU,2022-03-27 21:12:49,-28.7667,114.6,73.81,78,75,9.22
256,Krasnoselkup,RU,2022-03-27 21:12:49,65.7,82.4667,-6.02,100,73,6.76
257,Radcliff,US,2022-03-27 21:12:50,37.8404,-85.9491,48.11,32,0,11.5
258,Viedma,AR,2022-03-27 21:12:50,-40.8135,-62.9967,71.8,25,0,6.13
259,Straumen,NO,2022-03-27 21:12:50,63.8709,11.2999,41.0,83,100,27.51
260,Saint-Augustin,CA,2022-03-27 21:12:51,51.226,-58.6502,33.03,95,100,20.56
261,Jatiroto,ID,2022-03-27 21:12:51,-7.8833,111.1167,73.54,89,99,2.33
262,Ageyevo,RU,2022-03-27 21:12:52,54.1588,36.4693,23.27,74,96,13.89
263,Hasaki,JP,2022-03-27 21:12:53,35.7333,140.8333,48.6,76,100,12.59
264,Dudinka,RU,2022-03-27 21:12:53,69.4058,86.1778,4.6,97,96,6.02
265,Ibra,OM,2022-03-27 21:12:54,22.6906,58.5334,77.34,29,1,4.94
266,Monte Azul,BR,2022-03-27 21:12:54,-15.155,-42.8747,82.63,42,91,5.66
267,Saint-Gaudens,FR,2022-03-27 21:12:54,43.0833,0.6667,52.02,75,13,6.62
268,Yerofey Pavlovich,RU,2022-03-27 21:28:27,53.9667,121.9667,11.32,98,84,1.36
269,Kharp,RU,2022-03-27 21:28:28,66.8014,65.8081,14.68,95,100,11.25
270,Sterlibashevo,RU,2022-03-27 21:28:28,53.4376,55.2578,32.77,98,100,11.14
271,Klaksvik,FO,2022-03-27 21:28:29,62.2266,-6.589,40.12,89,100,15.84
272,Ammon,US,2022-03-27 21:28:29,43.4696,-111.9666,68.5,28,0,5.75
273,Constitucion,CL,2022-03-27 21:28:29,-35.3333,-72.4167,63.39,68,73,15.64
274,Kudahuvadhoo,MV,2022-03-27 21:28:30,2.6708,72.8944,81.77,68,55,6.24
275,Narsaq,GL,2022-03-27 21:28:30,60.9167,-46.05,41.22,63,100,9.24
276,Aswan,EG,2022-03-27 21:28:31,24.0934,32.907,66.04,14,100,13.22
277,Sur,OM,2022-03-27 21:28:31,22.5667,59.5289,78.76,56,0,2.64
278,Santiago Del Estero,AR,2022-03-27 21:28:32,-27.7951,-64.2615,87.8,28,0,8.77
279,Kampene,CD,2022-03-27 21:28:32,-3.6,26.6667,69.91,99,100,2.95
280,Urucui,BR,2022-03-27 21:28:33,-7.2294,-44.5561,79.97,81,100,0.56
281,San Ramon,US,2022-03-27 21:24:42,37.7799,-121.978,68.95,59,0,12.66
282,Shelkovskaya,RU,2022-03-27 21:28:33,43.5069,46.3392,39.27,88,94,13.29
283,Rock Springs,US,2022-03-27 21:28:34,41.5875,-109.2029,71.04,11,0,11.5
284,Porto Velho,BR,2022-03-27 21:28:34,-8.7619,-63.9039,77.05,94,40,2.3
285,Mercedes,AR,2022-03-27 21:28:35,-34.6515,-59.4307,78.64,53,0,4.54
286,Hanna,CA,2022-03-27 21:24:59,51.6334,-111.9018,46.51,41,99,8.25
287,Portsmouth,GB,2022-03-27 21:28:35,50.799,-1.0913,50.97,87,0,4.0
288,Rio Branco,BR,2022-03-27 21:28:36,-9.9747,-67.81,81.21,83,75,4.61
289,Brawley,US,2022-03-27 21:28:36,32.9787,-115.5303,89.85,16,0,12.66
290,Xingcheng,CN,2022-03-27 21:28:37,40.6167,120.7167,38.43,44,0,9.89
291,Huangmei,CN,2022-03-27 21:28:37,30.1924,116.025,55.29,83,100,3.15
292,Hurghada,EG,2022-03-27 21:28:37,27.2574,33.8129,63.97,31,2,17.43
293,Vao,NC,2022-03-27 21:28:38,-22.6667,167.4833,76.66,69,27,17.43
294,Buraydah,SA,2022-03-27 21:28:38,26.326,43.975,61.25,25,0,9.82
295,Ilhabela,BR,2022-03-27 21:28:39,-23.7781,-45.3581,75.72,94,100,6.49
296,Ranchi,IN,2022-03-27 21:28:39,23.35,85.3333,75.31,43,6,0.0
297,Katobu,ID,2022-03-27 21:28:40,-4.9408,122.5276,73.78,94,84,0.47
298,Huntington,US,2022-03-27 21:25:03,38.4193,-82.4452,44.38,38,75,13.8
299,Tukrah,LY,2022-03-27 21:28:40,32.5341,20.5791,63.1,36,99,9.89
300,Apac,UG,2022-03-27 21:28:41,1.9756,32.5386,69.78,88,100,0.72
301,Octeville,FR,2022-03-27 21:28:41,49.6261,-1.6435,46.89,100,100,11.5
302,Hammerfest,NO,2022-03-27 21:28:42,70.6634,23.6821,14.45,73,0,6.91
303,Maracas,BR,2022-03-27 21:28:42,-13.4411,-40.4308,72.39,73,97,10.63
304,Moses Lake,US,2022-03-27 21:28:42,47.1301,-119.2781,70.16,30,0,6.91
305,Kruisfontein,ZA,2022-03-27 21:24:06,-34.0033,24.7314,63.88,88,100,5.53
306,Kawalu,ID,2022-03-27 21:28:43,-7.3817,108.2082,72.14,98,100,2.8
307,Wasilla,US,2022-03-27 21:28:43,61.5814,-149.4394,41.4,43,0,12.66
308,Barabai,ID,2022-03-27 21:28:44,-2.5833,115.3833,73.11,97,98,1.25
309,Lapua,FI,2022-03-27 21:28:44,62.9693,23.0088,29.08,99,100,4.56
310,Lavrentiya,RU,2022-03-27 21:28:45,65.5833,-171.0,12.34,80,95,3.24
311,Sinazongwe,ZM,2022-03-27 21:28:46,-17.2614,27.4618,75.6,82,39,2.53
312,Shemordan,RU,2022-03-27 21:28:46,56.1856,50.3972,23.41,95,64,10.92
313,Bundaberg,AU,2022-03-27 21:29:46,-24.85,152.35,72.21,96,66,6.91
314,Seoul,KR,2022-03-27 21:25:00,37.5683,126.9778,35.04,78,0,1.14
315,Nishihara,JP,2022-03-27 21:29:47,26.1842,127.7558,65.48,68,75,13.8
316,Nouakchott,MR,2022-03-27 21:27:06,18.0858,-15.9785,64.33,80,78,13.51
317,Hobyo,SO,2022-03-27 21:29:48,5.3505,48.5268,80.58,63,100,13.35
318,Tam Ky,VN,2022-03-27 21:29:48,15.5667,108.4833,72.28,92,100,5.61
319,Mangrol,IN,2022-03-27 21:26:54,21.1167,70.1167,78.01,70,4,9.82
320,Sorland,NO,2022-03-27 21:29:49,67.667,12.6934,37.99,78,100,21.36
321,Mao,ES,2022-03-27 21:29:49,39.8885,4.2658,54.16,94,20,10.36
322,Waingapu,ID,2022-03-27 21:29:50,-9.6567,120.2641,77.45,83,59,4.54
323,Vardo,NO,2022-03-27 21:29:50,70.3705,31.1107,26.1,58,100,4.65
324,Poopo,BO,2022-03-27 21:29:51,-18.3667,-66.9667,54.52,46,86,13.02
325,Umm Lajj,SA,2022-03-27 21:29:52,25.0213,37.2685,77.13,24,38,24.4
326,Selenginsk,RU,2022-03-27 21:29:52,52.0064,106.8647,25.21,96,99,4.09
327,Mwense,ZM,2022-03-27 21:29:53,-10.3845,28.698,67.84,95,98,3.44
328,Meulaboh,ID,2022-03-27 21:29:53,4.1363,96.1285,77.16,85,96,3.78
329,Rawson,AR,2022-03-27 21:29:53,-43.3002,-65.1023,71.35,21,0,14.41
330,Bowen,AU,2022-03-27 21:29:54,-20.0167,148.2333,73.2,89,10,5.66
331,Traverse City,US,2022-03-27 21:29:54,44.7631,-85.6206,23.72,55,100,14.97
332,Beloye,UA,2022-03-27 21:29:55,48.4952,39.0505,30.45,63,100,17.22
333,Luganville,VU,2022-03-27 21:29:55,-15.5333,167.1667,80.87,87,99,4.43
334,Rampur,IN,2022-03-27 21:26:32,28.8167,79.0333,70.07,17,5,2.82
335,Saint George,US,2022-03-27 21:27:59,37.1041,-113.5841,85.42,8,0,19.57
336,Arraial Do Cabo,BR,2022-03-27 21:29:56,-22.9661,-42.0278,78.76,83,40,9.22
337,Akyab,MM,2022-03-27 21:29:56,20.15,92.9,78.51,83,32,2.62
338,Alekseyevka,RU,2022-03-27 21:29:57,50.6309,38.6903,26.94,65,84,16.67
339,Atambua,ID,2022-03-27 21:29:57,-9.1061,124.8925,71.96,88,79,1.9
340,Broome,US,2022-03-27 21:29:58,42.2506,-75.833,29.62,78,100,16.11
341,Toora-Khem,RU,2022-03-27 21:29:58,52.4675,96.11,0.99,99,100,2.51
342,Lookan,PH,2022-03-27 21:29:59,5.037,120.1027,80.29,79,64,5.19
343,Ngunguru,NZ,2022-03-27 21:29:59,-35.6167,174.5,63.77,71,13,6.78
344,Siguiri,GN,2022-03-27 21:30:00,11.6667,-9.5,89.83,37,100,0.89
345,Marsh Harbour,BS,2022-03-27 21:30:00,26.5412,-77.0636,71.96,49,0,19.73
346,Hovd,MN,2022-03-27 21:28:14,48.0056,91.6419,31.51,49,3,6.44
347,Maragogi,BR,2022-03-27 21:28:07,-9.0122,-35.2225,78.46,86,100,8.34
348,Wamba,NG,2022-03-27 21:30:02,8.9333,8.6,79.47,14,36,5.01
349,Moerai,PF,2022-03-27 21:30:03,-22.4333,-151.3333,80.38,74,50,7.61
350,Anqing,CN,2022-03-27 21:30:04,30.5092,117.0506,50.68,88,66,4.07
351,Aykhal,RU,2022-03-27 21:30:05,66.0,111.5,-2.34,100,100,5.17
352,Sulangan,PH,2022-03-27 21:30:07,11.1373,123.7228,80.55,80,48,10.78
353,Schattdorf,CH,2022-03-27 21:30:08,46.8655,8.6547,50.59,60,1,8.84
354,Lorengau,PG,2022-03-27 21:27:47,-2.0226,147.2712,81.07,77,98,5.26
355,Puerto Madryn,AR,2022-03-27 21:30:09,-42.7692,-65.0385,70.18,25,0,5.01
356,Kaitangata,NZ,2022-03-27 21:29:59,-46.2817,169.8464,54.36,89,7,2.1
357,Pataias,PT,2022-03-27 21:30:10,39.6698,-8.9958,63.72,71,100,12.06
358,Laguna De Perlas,NI,2022-03-27 21:30:11,12.3429,-83.6712,84.29,71,61,11.59
359,Severodvinsk,RU,2022-03-27 21:31:13,64.5635,39.8302,14.11,90,15,5.64
360,Otradnoye,RU,2022-03-27 21:31:14,59.7775,30.8181,30.04,80,100,7.72
361,Huicungo,PE,2022-03-27 21:31:14,-7.2833,-76.8,76.84,96,97,1.16
362,Banepa,NP,2022-03-27 21:31:15,27.6298,85.5214,62.92,72,75,2.3
363,Brighton,GB,2022-03-27 21:29:15,50.8284,-0.1395,47.23,90,0,13.0
364,Gunjur,GM,2022-03-27 21:31:15,13.2019,-16.7339,68.61,78,100,16.51
365,Zolotukhino,RU,2022-03-27 21:31:16,52.0842,36.3772,24.87,66,18,14.81
366,Sterling,US,2022-03-27 21:28:56,39.0062,-77.4286,42.76,47,100,19.57
367,Malatya,TR,2022-03-27 21:29:48,38.5,38.0,30.25,60,0,5.75
368,Sangar,RU,2022-03-27 21:31:16,63.9242,127.4739,13.87,87,100,11.88
369,Wiarton,CA,2022-03-27 21:31:17,44.7407,-81.1332,20.39,57,75,19.57
370,Sisimiut,GL,2022-03-27 21:31:17,66.9395,-53.6735,22.08,67,12,11.05
371,Destin,US,2022-03-27 21:28:16,30.3935,-86.4958,79.43,63,0,12.66
372,Mahajanga,MG,2022-03-27 21:31:18,-15.7167,46.3167,78.82,94,20,2.3
373,Oussouye,SN,2022-03-27 21:31:18,12.485,-16.5469,73.58,67,100,10.6
374,Codrington,AU,2022-03-27 21:30:37,-38.2667,141.9667,63.88,79,93,7.47
375,Bilibino,RU,2022-03-27 21:31:19,68.0546,166.4372,-1.62,95,100,1.95
376,Tilichiki,RU,2022-03-27 21:31:19,60.4667,166.1,5.38,84,100,9.13
377,Naliya,IN,2022-03-27 21:31:20,23.2667,68.8333,77.45,68,3,9.35
378,Port Hardy,CA,2022-03-27 21:31:20,50.6996,-127.4199,48.38,93,100,9.22
379,Altamira,BR,2022-03-27 21:31:21,-3.2033,-52.2064,86.09,74,75,3.44
380,Oranjestad,AW,2022-03-27 21:30:15,12.524,-70.027,84.15,65,20,23.02
381,Carmen,MX,2022-03-27 21:31:22,18.6333,-91.8333,78.84,61,75,10.36
382,Mandalgovi,MN,2022-03-27 21:31:22,45.7625,106.2708,32.99,34,100,7.45
383,Villa Carlos Paz,AR,2022-03-27 21:31:23,-31.4241,-64.4978,82.06,31,2,13.0
384,Tiksi,RU,2022-03-27 21:31:23,71.6872,128.8694,-6.27,99,100,4.92
385,Adrar,MR,2022-03-27 21:31:24,20.5022,-10.0711,79.27,12,7,3.4
386,Xinzhi,CN,2022-03-27 21:31:24,36.4989,111.7047,46.11,40,4,4.54
387,Apozol,MX,2022-03-27 21:31:25,21.4833,-103.1,88.72,10,3,11.23
388,Caravelas,BR,2022-03-27 21:28:13,-17.7125,-39.2481,77.56,80,0,5.5
389,Baltoji Voke,LT,2022-03-27 21:31:25,54.6,25.2,35.29,64,40,10.36
390,Gardelegen,DE,2022-03-27 21:31:26,52.5252,11.3952,48.88,80,6,5.06
391,Sidi Ali,DZ,2022-03-27 21:31:26,36.0998,0.4206,54.03,80,53,12.17
392,Hirara,JP,2022-03-27 21:31:27,24.8,125.2833,68.74,85,100,21.21
393,Tynda,RU,2022-03-27 21:31:27,55.1667,124.7167,6.24,98,99,1.99
394,Kalmunai,LK,2022-03-27 21:31:28,7.4167,81.8167,78.48,84,21,3.89
395,Elk Point,US,2022-03-27 21:31:28,42.6833,-96.6836,38.08,19,59,5.84
396,Guerrero Negro,MX,2022-03-27 21:29:58,27.9769,-114.0611,70.36,51,100,10.92
397,Kangaatsiaq,GL,2022-03-27 21:31:29,68.3065,-53.4641,18.66,75,73,13.02
398,Banda Aceh,ID,2022-03-27 21:31:29,5.5577,95.3222,79.75,82,12,3.24
399,Petropavlovsk-Kamchatskiy,RU,2022-03-27 21:31:20,53.0452,158.6483,28.99,100,100,6.71
400,Castro,BR,2022-03-27 21:31:30,-24.7911,-50.0119,65.82,79,6,0.63
401,Santa Cruz Cabralia,BR,2022-03-27 21:31:30,-16.2781,-39.0247,82.63,74,20,8.05
402,Elliot Lake,CA,2022-03-27 21:31:31,46.3834,-82.6331,13.66,59,100,12.44
403,Broken Hill,AU,2022-03-27 21:31:31,-31.95,141.4333,62.31,67,53,0.0
404,Kamina,CD,2022-03-27 21:31:32,-8.7386,24.9906,66.54,95,96,1.23
405,Bubaque,GW,2022-03-27 21:31:32,11.2833,-15.8333,75.99,69,98,21.59
406,Loa Janan,ID,2022-03-27 21:27:49,-0.583,117.095,72.75,99,100,1.19
407,Belmonte,BR,2022-03-27 21:32:33,-15.8631,-38.8828,78.33,79,7,6.31
408,Baykit,RU,2022-03-27 21:32:33,61.67,96.37,-3.73,100,74,4.07
409,Vila,PT,2022-03-27 21:32:34,42.0304,-8.1588,50.88,69,79,3.8
410,Fontem,CM,2022-03-27 21:32:34,5.4685,9.8818,72.66,67,46,1.66
411,Longhua,CN,2022-03-27 21:32:34,23.6137,114.1919,58.86,87,100,3.38
412,Aksehir,TR,2022-03-27 21:32:35,38.3575,31.4164,36.73,62,3,1.19
413,Ishigaki,JP,2022-03-27 21:29:51,24.3448,124.1572,68.13,100,75,17.27
414,Inhambane,MZ,2022-03-27 21:31:17,-23.865,35.3833,74.14,85,4,7.09
415,Palmares Do Sul,BR,2022-03-27 21:32:36,-30.2578,-50.5097,69.04,76,0,7.27
416,Ahipara,NZ,2022-03-27 21:31:17,-35.1667,173.1667,68.61,59,0,4.45
417,Smithers,CA,2022-03-27 21:32:36,54.7804,-127.1743,41.32,70,75,2.3
418,Antalaha,MG,2022-03-27 21:32:37,-14.9003,50.2788,75.16,91,11,4.27
419,Karpathos,GR,2022-03-27 21:32:37,35.507,27.2132,55.36,76,5,9.22
420,Puquio,PE,2022-03-27 21:32:38,-14.7,-74.1333,54.63,81,82,8.97
421,Nouadhibou,MR,2022-03-27 21:32:38,20.931,-17.0347,64.38,94,100,5.75
422,Susanville,US,2022-03-27 21:32:39,40.4163,-120.653,67.08,25,100,17.38
423,Makokou,GA,2022-03-27 21:32:39,0.5738,12.8642,75.79,69,78,2.89
424,Omutninsk,RU,2022-03-27 21:32:39,58.67,52.1932,22.33,94,100,9.69
425,Pipirig,RO,2022-03-27 21:32:40,47.25,26.0667,35.6,55,10,2.64
426,Paralimni,CY,2022-03-27 21:32:40,35.0375,33.9833,52.14,76,0,3.0
427,Pisco,PE,2022-03-27 21:28:56,-13.7,-76.2167,75.25,64,0,19.57
428,Rudnogorsk,RU,2022-03-27 21:32:41,57.2639,103.7519,11.82,91,100,8.77
429,Alofi,NU,2022-03-27 21:32:41,-19.0595,-169.9187,82.29,83,100,10.36
430,Athens,GR,2022-03-27 21:32:30,37.9795,23.7162,58.17,70,0,3.44
431,Agadez,NE,2022-03-27 21:27:44,19.75,10.25,73.69,5,0,5.95
432,Severnyy,RU,2022-03-27 21:32:42,50.677,36.5532,26.64,54,75,15.66
433,Knysna,ZA,2022-03-27 21:32:43,-34.0363,23.0471,68.4,55,55,4.12
434,Hofn,IS,2022-03-27 21:30:40,64.2539,-15.2082,32.63,72,100,7.96
435,Sabang,ID,2022-03-27 21:32:43,5.8933,95.3214,82.71,71,3,4.59
436,Ozerne,UA,2022-03-27 21:32:44,50.1782,28.7338,30.31,57,78,7.94
437,Bambui,BR,2022-03-27 21:32:44,-20.0064,-45.9769,77.85,63,95,4.14
438,Goundam,ML,2022-03-27 21:32:45,16.4145,-3.6708,87.51,11,77,8.48
439,Yuncheng,CN,2022-03-27 21:32:45,35.0231,110.9928,44.04,48,1,6.76
440,Kutum,SD,2022-03-27 21:32:46,14.2,24.6667,63.46,10,0,16.35
441,Sarangani,PH,2022-03-27 21:32:46,5.4033,125.4636,81.43,74,64,12.48
442,Ardahan,TR,2022-03-27 21:32:47,41.1087,42.7022,4.82,98,53,3.42
443,Laguna,US,2022-03-27 21:32:48,38.421,-121.4238,75.06,49,0,6.91
444,Baran,IN,2022-03-27 21:32:49,25.1,76.5167,80.19,14,3,3.96
445,Pathein,MM,2022-03-27 21:32:49,16.7833,94.7333,79.11,81,11,10.67
446,Saint-Pierre,RE,2022-03-27 21:28:44,-21.3393,55.4781,76.91,82,0,3.44
447,Bairiki,KI,2022-03-27 21:32:50,1.3292,172.9752,84.2,70,40,6.91
448,Ban Nahin,LA,2022-03-27 21:32:50,18.2418,104.2122,70.09,95,24,3.8
449,Chicama,PE,2022-03-27 21:32:51,-7.8447,-79.1469,68.54,60,99,8.39
450,Villa Del Rosario,CO,2022-03-27 21:31:45,7.8339,-72.4742,80.98,61,75,4.61
451,Saint Anthony,US,2022-03-27 21:32:51,45.0205,-93.218,32.86,29,0,11.5
452,Ust-Tarka,RU,2022-03-27 21:33:52,55.5672,75.705,-0.22,100,81,3.69
453,Candolim,IN,2022-03-27 21:33:52,15.5181,73.7626,78.21,80,10,9.82
454,Lebu,CL,2022-03-27 21:33:53,-37.6167,-73.65,57.81,74,0,11.54
455,Santa Maria,BR,2022-03-27 21:29:45,-29.6842,-53.8069,78.1,53,0,3.44
456,Mapiripan,CO,2022-03-27 21:33:53,2.8892,-72.1256,74.35,95,98,6.89
457,Asfi,MA,2022-03-27 21:33:54,32.2994,-9.2372,68.74,48,97,16.42
458,Faanui,PF,2022-03-27 21:31:13,-16.4833,-151.75,82.06,73,19,14.52
459,Beloha,MG,2022-03-27 21:33:54,-25.1667,45.05,72.68,90,100,10.22
460,Saskylakh,RU,2022-03-27 21:29:09,71.9167,114.0833,-6.38,100,100,3.76
461,Klyuchi,RU,2022-03-27 21:33:55,52.2667,79.1667,26.89,97,97,3.06
462,Daru,PG,2022-03-27 21:33:55,-9.0763,143.2092,77.38,91,100,4.81
463,Mwaro,BI,2022-03-27 21:33:56,-3.5,29.6667,57.54,91,95,0.72
464,Ostrovnoy,RU,2022-03-27 21:33:58,68.0531,39.5131,18.46,80,100,3.38
465,Filadelfia,US,2022-03-27 21:30:03,39.9523,-75.1638,40.95,39,75,19.57
466,Smolenka,RU,2022-03-27 21:33:59,52.1352,113.4974,14.07,73,74,0.0
467,Damghan,IR,2022-03-27 21:33:59,36.1683,54.348,47.64,38,0,4.45
468,Mumford,GH,2022-03-27 21:34:00,5.2618,-0.759,81.5,86,75,8.34
469,Havre,FR,2022-03-27 21:34:00,49.5833,0.3333,50.4,93,0,8.05
470,Salinas,US,2022-03-27 21:29:39,36.6777,-121.6555,68.0,62,0,6.91
471,Ayan,RU,2022-03-27 21:32:32,56.45,138.1667,7.86,88,28,5.06
472,Santa Marta,CO,2022-03-27 21:31:22,11.2408,-74.199,89.65,67,40,18.41
473,Biak,ID,2022-03-27 21:34:01,-0.9131,122.8766,76.06,82,100,2.08
474,Khed Brahma,IN,2022-03-27 21:34:02,24.0333,73.05,77.97,17,6,2.8
475,Vaasa,FI,2022-03-27 21:34:02,63.096,21.6158,35.62,100,100,5.75
476,Sao Filipe,CV,2022-03-27 21:34:03,14.8961,-24.4956,71.02,69,100,9.24
477,Divinopolis,BR,2022-03-27 21:34:03,-20.1389,-44.8839,76.41,66,75,2.06
478,Oksfjord,NO,2022-03-27 21:34:04,70.2396,22.3479,10.47,92,77,10.25
479,Hosbach,DE,2022-03-27 21:34:04,50.0,9.2,57.85,60,27,2.24
480,Grindavik,IS,2022-03-27 21:29:25,63.8424,-22.4338,39.67,87,100,12.66
481,Matay,EG,2022-03-27 21:34:05,28.419,30.7792,58.39,39,0,16.6
482,Richards Bay,ZA,2022-03-27 21:34:05,-28.783,32.0377,73.02,81,94,3.4
483,Savonlinna,FI,2022-03-27 21:34:06,61.8699,28.88,23.05,80,100,9.22
484,Dryden,CA,2022-03-27 21:31:57,49.7833,-92.7503,16.09,24,0,13.8
485,Mayo,US,2022-03-27 21:34:06,38.8876,-76.5119,42.98,46,75,21.99
486,Watertown,US,2022-03-27 21:33:38,42.3709,-71.1828,47.41,44,100,21.85
487,Yantal,RU,2022-03-27 21:34:07,56.8471,105.2542,12.67,94,100,9.66
488,Nikolayevka,RU,2022-03-27 21:34:08,53.1257,47.2041,24.94,90,97,12.39
489,Alice Springs,AU,2022-03-27 21:34:08,-23.7,133.8833,69.22,32,2,5.75
490,Uruacu,BR,2022-03-27 21:34:09,-14.5247,-49.1408,72.57,90,17,2.82
491,Vila Franca Do Campo,PT,2022-03-27 21:34:09,37.7167,-25.4333,61.21,85,25,9.64
492,Madimba,TZ,2022-03-27 21:34:09,-10.4,40.3333,77.74,85,98,4.65
493,Sibolga,ID,2022-03-27 21:34:10,1.7427,98.7792,72.72,67,5,4.18
494,Keelung,TW,2022-03-27 21:34:11,25.1283,121.7419,64.06,74,100,12.41
495,Cayenne,GF,2022-03-27 21:30:08,4.9333,-52.3333,80.64,1,75,16.11
496,Mehamn,NO,2022-03-27 21:34:01,71.0357,27.8492,19.31,86,40,6.91
497,Lata,PT,2022-03-27 21:34:11,40.1629,-8.3327,59.07,62,100,8.95
498,Alugan,PH,2022-03-27 21:34:12,12.2188,125.4808,79.3,84,100,10.13
499,Santa Cruz,BO,2022-03-27 21:34:13,-17.8,-63.1667,82.45,51,20,9.22
500,Hrubieszow,PL,2022-03-27 21:35:13,50.805,23.8925,34.99,56,71,6.4
501,Belaya Gora,RU,2022-03-27 21:35:14,68.5333,146.4167,-5.96,96,75,6.08
502,Labuhan,ID,2022-03-27 21:35:14,-6.8844,112.2051,78.8,83,95,5.93
503,Sayat,TM,2022-03-27 21:31:52,38.7839,63.8803,46.27,47,0,8.41
504,Fukue,JP,2022-03-27 21:32:20,32.6881,128.8419,54.46,62,100,6.73
505,Dawei,MM,2022-03-27 21:35:15,14.0833,98.2,75.88,93,55,3.06
506,Udachnyy,RU,2022-03-27 21:35:15,66.4167,112.4,-4.76,100,100,4.12
507,Flinders,AU,2022-03-27 21:35:16,-34.5833,150.8552,67.37,95,95,5.99
508,Menongue,AO,2022-03-27 21:35:16,-14.6585,17.691,65.48,91,95,2.82
509,Arroyos Y Esteros,PY,2022-03-27 21:35:17,-25.0667,-57.1,73.71,65,0,4.88
510,Lembeni,TZ,2022-03-27 21:35:17,-3.7833,37.6167,70.2,80,46,2.62
511,Yuli,NG,2022-03-27 21:34:40,9.6989,10.2744,80.96,14,9,9.08
512,Miri,MY,2022-03-27 21:35:18,4.4148,114.0089,71.74,94,40,2.3
513,Aitape,PG,2022-03-27 21:35:18,-3.1374,142.3475,79.59,83,93,4.18
514,Pantai Remis,MY,2022-03-27 21:35:19,4.4557,100.6288,78.24,87,23,4.56
515,Vikhorevka,RU,2022-03-27 21:35:19,56.1201,101.1636,6.39,100,92,4.16
516,Cachoeiras De Macacu,BR,2022-03-27 21:35:20,-22.4625,-42.6531,75.0,98,37,0.87
517,Gladstone,AU,2022-03-27 21:35:20,-23.85,151.25,75.78,88,14,4.61
518,Berlevag,NO,2022-03-27 21:35:21,70.8578,29.0864,19.35,93,75,9.22
519,Verkhnyaya Inta,RU,2022-03-27 21:35:21,65.9811,60.3094,21.92,78,100,12.48
520,Benjamin Constant,BR,2022-03-27 21:35:22,-4.3831,-70.0311,77.05,83,75,3.44
521,Gizo,SB,2022-03-27 21:31:10,-8.103,156.8419,82.53,77,79,5.91
522,Provost,CA,2022-03-27 21:30:46,52.3501,-110.2683,52.25,69,87,9.37
523,Miles City,US,2022-03-27 21:33:02,46.4083,-105.8406,61.77,27,0,11.5
524,Darhan,MN,2022-03-27 21:35:22,49.4867,105.9228,25.88,74,100,14.12
525,Jojoima,SL,2022-03-27 21:35:23,7.8792,-10.7878,76.86,85,87,1.9
526,Taoudenni,ML,2022-03-27 21:33:16,22.6783,-3.9836,88.43,22,27,4.94
527,Sheopur,IN,2022-03-27 21:35:24,25.6667,76.7,79.36,12,2,1.21
528,Escobal,PA,2022-03-27 21:35:26,9.1472,-79.9619,83.95,66,99,9.37
529,Jurm,AF,2022-03-27 21:35:27,36.8648,70.8342,49.89,67,30,2.48
530,Katangli,RU,2022-03-27 21:35:27,51.7102,143.2326,15.89,83,100,24.63
531,Burgeo,CA,2022-03-27 21:30:46,47.6167,-57.6152,35.78,99,100,7.0
532,Vostok,RU,2022-03-27 21:35:28,46.4856,135.8833,22.06,95,100,3.65
533,West Bay,KY,2022-03-27 21:35:28,19.3667,-81.4167,81.07,70,20,12.66
534,Gazojak,TM,2022-03-27 21:35:29,41.1875,61.4036,46.63,47,8,3.31
535,Inirida,CO,2022-03-27 21:35:29,3.8653,-67.9239,75.78,94,100,1.81
536,Abnub,EG,2022-03-27 21:35:30,27.2696,31.1511,57.42,26,0,9.1
537,Palanpur,IN,2022-03-27 21:35:30,24.1667,72.4333,75.09,35,5,3.33
538,Caucaia,BR,2022-03-27 21:35:31,-3.7361,-38.6531,82.35,76,40,9.22
539,Dong Hoi,VN,2022-03-27 21:35:31,17.4833,106.6,70.45,91,100,17.65
540,Kieta,PG,2022-03-27 21:35:31,-6.2167,155.6333,81.97,79,99,4.12
541,Sovetskaya,RU,2022-03-27 21:35:32,44.7769,41.1722,32.09,81,100,20.49
542,Camopi,GF,2022-03-27 21:32:02,3.1655,-52.3158,73.71,97,100,3.53
543,Huarmey,PE,2022-03-27 21:35:33,-10.0681,-78.1522,74.57,73,95,10.98
544,Del Rio,US,2022-03-27 21:31:09,29.3627,-100.8968,93.31,11,0,18.41
545,Pampa,US,2022-03-27 21:31:39,35.5362,-100.9599,72.55,26,0,11.5
546,Quelimane,MZ,2022-03-27 21:35:26,-17.8786,36.8883,80.55,83,40,4.61
547,Qunduz,AF,2022-03-27 21:36:34,36.729,68.857,55.18,61,7,1.79
548,Tarakan,ID,2022-03-27 21:35:09,3.3,117.6333,74.7,88,20,2.3
549,Paamiut,GL,2022-03-27 21:36:34,61.994,-49.6678,25.93,80,96,0.58
550,Kemijarvi,FI,2022-03-27 21:36:35,66.7131,27.4306,18.1,83,100,4.52
551,Axim,GH,2022-03-27 21:34:55,4.8699,-2.2405,80.76,86,77,6.15
552,Havoysund,NO,2022-03-27 21:32:03,70.9963,24.6622,21.43,69,28,6.06
553,General Roca,AR,2022-03-27 21:36:36,-39.0333,-67.5833,78.62,19,0,12.15
554,Russell,US,2022-03-27 21:36:37,32.3502,-85.1999,71.2,29,14,9.46
555,Zarechnyy,RU,2022-03-27 21:36:37,53.2036,45.1923,24.28,91,100,12.68
556,Bara,NG,2022-03-27 21:36:37,10.3744,10.7288,79.93,12,10,13.85
557,Dzaoudzi,YT,2022-03-27 21:36:38,-12.7887,45.2699,76.89,88,0,0.0
558,Cabedelo,BR,2022-03-27 21:33:28,-6.9811,-34.8339,79.47,84,86,10.29
559,Kaeo,NZ,2022-03-27 21:36:39,-35.1,173.7833,68.32,78,2,3.56
560,Lexington,US,2022-03-27 21:32:49,37.9887,-84.4777,45.41,32,0,10.36
561,Puro,PH,2022-03-27 21:36:39,12.4841,123.3827,79.16,84,100,8.16
